Label,Value
Estimate!!EMPLOYMENT STATUS!!Population 16 years and over,18768460
Percent!!EMPLOYMENT STATUS!!Population 16 years and over,18768460
Estimate!!EMPLOYMENT STATUS!!Population 16 years and over!!In labor force,11267928
Percent!!EMPLOYMENT STATUS!!Population 16 years and over!!In labor force,60.0
Estimate!!EMPLOYMENT STATUS!!Population 16 years and over!!In labor force!!Civilian labor force,11191144
Percent!!EMPLOYMENT STATUS!!Population 16 years and over!!In labor force!!Civilian labor force,59.6
Estimate!!EMPLOYMENT STATUS!!Population 16 years and over!!In labor force!!Civilian labor force!!Employed,10731195
Percent!!EMPLOYMENT STATUS!!Population 16 years and over!!In labor force!!Civilian labor force!!Employed,57.2
Estimate!!EMPLOYMENT STATUS!!Population 16 years and over!!In labor force!!Civilian labor force!!Unemployed,459949
Percent!!EMPLOYMENT STATUS!!Population 16 years and over!!In labor force!!Civilian labor force!!Unemployed,2.5
Estimate!!EMPLOYMENT STATUS!!Population 16 years and over!!In labor force!!Armed Forces,76784
Percent!!EMPLOYMENT STATUS!!Population 16 years and over!!In labor force!!Armed Forces,0.4
Estimate!!EMPLOYMENT STATUS!!Population 16 years and over!!Not in labor force,7500532
Percent!!EMPLOYMENT STATUS!!Population 16 years and over!!Not in labor force,40.0
Estimate!!EMPLOYMENT STATUS!!Civilian labor force,11191144
Percent!!EMPLOYMENT STATUS!!Civilian labor force,11191144
Estimate!!EMPLOYMENT STATUS!!Civilian labor force!!Unemployment Rate,-888888888
Percent!!EMPLOYMENT STATUS!!Civilian labor force!!Unemployment Rate,4.1
Estimate!!EMPLOYMENT STATUS!!Females 16 years and over,9628103
Percent!!EMPLOYMENT STATUS!!Females 16 years and over,9628103
Estimate!!EMPLOYMENT STATUS!!Females 16 years and over!!In labor force,5369715
Percent!!EMPLOYMENT STATUS!!Females 16 years and over!!In labor force,55.8
Estimate!!EMPLOYMENT STATUS!!Females 16 years and over!!In labor force!!Civilian labor force,5356504
Percent!!EMPLOYMENT STATUS!!Females 16 years and over!!In labor force!!Civilian labor force,55.6
Estimate!!EMPLOYMENT STATUS!!Females 16 years and over!!In labor force!!Civilian labor force!!Employed,5118680
Percent!!EMPLOYMENT STATUS!!Females 16 years and over!!In labor force!!Civilian labor force!!Employed,53.2
Estimate!!EMPLOYMENT STATUS!!Own children of the householder under 6 years,1295758
Percent!!EMPLOYMENT STATUS!!Own children of the householder under 6 years,1295758
Estimate!!EMPLOYMENT STATUS!!Own children of the householder under 6 years!!All parents in family in labor force,896165
Percent!!EMPLOYMENT STATUS!!Own children of the householder under 6 years!!All parents in family in labor force,69.2
Estimate!!EMPLOYMENT STATUS!!Own children of the householder 6 to 17 years,2850348
Percent!!EMPLOYMENT STATUS!!Own children of the householder 6 to 17 years,2850348
Estimate!!EMPLOYMENT STATUS!!Own children of the householder 6 to 17 years!!All parents in family in labor force,2100215
Percent!!EMPLOYMENT STATUS!!Own children of the householder 6 to 17 years!!All parents in family in labor force,73.7
Estimate!!COMMUTING TO WORK!!Workers 16 years and over,10619674
Percent!!COMMUTING TO WORK!!Workers 16 years and over,10619674
"Estimate!!COMMUTING TO WORK!!Workers 16 years and over!!Car, truck, or van -- drove alone",7343491
"Percent!!COMMUTING TO WORK!!Workers 16 years and over!!Car, truck, or van -- drove alone",69.1
"Estimate!!COMMUTING TO WORK!!Workers 16 years and over!!Car, truck, or van -- carpooled",1031338
"Percent!!COMMUTING TO WORK!!Workers 16 years and over!!Car, truck, or van -- carpooled",9.7
Estimate!!COMMUTING TO WORK!!Workers 16 years and over!!Public transportation (excluding taxicab),143998
Percent!!COMMUTING TO WORK!!Workers 16 years and over!!Public transportation (excluding taxicab),1.4
Estimate!!COMMUTING TO WORK!!Workers 16 years and over!!Walked,160601
Percent!!COMMUTING TO WORK!!Workers 16 years and over!!Walked,1.5
Estimate!!COMMUTING TO WORK!!Workers 16 years and over!!Other means,265254
Percent!!COMMUTING TO WORK!!Workers 16 years and over!!Other means,2.5
Estimate!!COMMUTING TO WORK!!Workers 16 years and over!!Worked from home,1674992
Percent!!COMMUTING TO WORK!!Workers 16 years and over!!Worked from home,15.8
Estimate!!COMMUTING TO WORK!!Workers 16 years and over!!Mean travel time to work (minutes),28.5
Percent!!COMMUTING TO WORK!!Workers 16 years and over!!Mean travel time to work (minutes),-888888888
Estimate!!OCCUPATION!!Civilian employed population 16 years and over,10731195
Percent!!OCCUPATION!!Civilian employed population 16 years and over,10731195
"Estimate!!OCCUPATION!!Civilian employed population 16 years and over!!Management, business, science, and arts occupations",4352221
"Percent!!OCCUPATION!!Civilian employed population 16 years and over!!Management, business, science, and arts occupations",40.6
Estimate!!OCCUPATION!!Civilian employed population 16 years and over!!Service occupations,1949077
Percent!!OCCUPATION!!Civilian employed population 16 years and over!!Service occupations,18.2
Estimate!!OCCUPATION!!Civilian employed population 16 years and over!!Sales and office occupations,2336494
Percent!!OCCUPATION!!Civilian employed population 16 years and over!!Sales and office occupations,21.8
"Estimate!!OCCUPATION!!Civilian employed population 16 years and over!!Natural resources, construction, and maintenance occupations",938786
"Percent!!OCCUPATION!!Civilian employed population 16 years and over!!Natural resources, construction, and maintenance occupations",8.7
"Estimate!!OCCUPATION!!Civilian employed population 16 years and over!!Production, transportation, and material moving occupations",1154617
"Percent!!OCCUPATION!!Civilian employed population 16 years and over!!Production, transportation, and material moving occupations",10.8
Estimate!!INDUSTRY!!Civilian employed population 16 years and over,10731195
Percent!!INDUSTRY!!Civilian employed population 16 years and over,10731195
"Estimate!!INDUSTRY!!Civilian employed population 16 years and over!!Agriculture, forestry, fishing and hunting, and mining",91355
"Percent!!INDUSTRY!!Civilian employed population 16 years and over!!Agriculture, forestry, fishing and hunting, and mining",0.9
Estimate!!INDUSTRY!!Civilian employed population 16 years and over!!Construction,864271
Percent!!INDUSTRY!!Civilian employed population 16 years and over!!Construction,8.1
Estimate!!INDUSTRY!!Civilian employed population 16 years and over!!Manufacturing,582027
Percent!!INDUSTRY!!Civilian employed population 16 years and over!!Manufacturing,5.4
Estimate!!INDUSTRY!!Civilian employed population 16 years and over!!Wholesale trade,237140
Percent!!INDUSTRY!!Civilian employed population 16 years and over!!Wholesale trade,2.2
Estimate!!INDUSTRY!!Civilian employed population 16 years and over!!Retail trade,1247110
Percent!!INDUSTRY!!Civilian employed population 16 years and over!!Retail trade,11.6
"Estimate!!INDUSTRY!!Civilian employed population 16 years and over!!Transportation and warehousing, and utilities",701313
"Percent!!INDUSTRY!!Civilian employed population 16 years and over!!Transportation and warehousing, and utilities",6.5
Estimate!!INDUSTRY!!Civilian employed population 16 years and over!!Information,159752
Percent!!INDUSTRY!!Civilian employed population 16 years and over!!Information,1.5
"Estimate!!INDUSTRY!!Civilian employed population 16 years and over!!Finance and insurance, and real estate and rental and leasing",902625
"Percent!!INDUSTRY!!Civilian employed population 16 years and over!!Finance and insurance, and real estate and rental and leasing",8.4
"Estimate!!INDUSTRY!!Civilian employed population 16 years and over!!Professional, scientific, and management, and administrative and waste management services",1544219
"Percent!!INDUSTRY!!Civilian employed population 16 years and over!!Professional, scientific, and management, and administrative and waste management services",14.4
"Estimate!!INDUSTRY!!Civilian employed population 16 years and over!!Educational services, and health care and social assistance",2224422
"Percent!!INDUSTRY!!Civilian employed population 16 years and over!!Educational services, and health care and social assistance",20.7
"Estimate!!INDUSTRY!!Civilian employed population 16 years and over!!Arts, entertainment, and recreation, and accommodation and food services",1190822
"Percent!!INDUSTRY!!Civilian employed population 16 years and over!!Arts, entertainment, and recreation, and accommodation and food services",11.1
"Estimate!!INDUSTRY!!Civilian employed population 16 years and over!!Other services, except public administration",554589
"Percent!!INDUSTRY!!Civilian employed population 16 years and over!!Other services, except public administration",5.2
Estimate!!INDUSTRY!!Civilian employed population 16 years and over!!Public administration,431550
Percent!!INDUSTRY!!Civilian employed population 16 years and over!!Public administration,4.0
Estimate!!CLASS OF WORKER!!Civilian employed population 16 years and over,10731195
Percent!!CLASS OF WORKER!!Civilian employed population 16 years and over,10731195
Estimate!!CLASS OF WORKER!!Civilian employed population 16 years and over!!Private wage and salary workers,8824303
Percent!!CLASS OF WORKER!!Civilian employed population 16 years and over!!Private wage and salary workers,82.2
Estimate!!CLASS OF WORKER!!Civilian employed population 16 years and over!!Government workers,1209777
Percent!!CLASS OF WORKER!!Civilian employed population 16 years and over!!Government workers,11.3
Estimate!!CLASS OF WORKER!!Civilian employed population 16 years and over!!Self-employed in own not incorporated business workers,676403
Percent!!CLASS OF WORKER!!Civilian employed population 16 years and over!!Self-employed in own not incorporated business workers,6.3
Estimate!!CLASS OF WORKER!!Civilian employed population 16 years and over!!Unpaid family workers,20712
Percent!!CLASS OF WORKER!!Civilian employed population 16 years and over!!Unpaid family workers,0.2
Estimate!!INCOME AND BENEFITS (IN 2023 INFLATION-ADJUSTED DOLLARS)!!Total households,8966402
Percent!!INCOME AND BENEFITS (IN 2023 INFLATION-ADJUSTED DOLLARS)!!Total households,8966402
"Estimate!!INCOME AND BENEFITS (IN 2023 INFLATION-ADJUSTED DOLLARS)!!Total households!!Less than $10,000",484044
"Percent!!INCOME AND BENEFITS (IN 2023 INFLATION-ADJUSTED DOLLARS)!!Total households!!Less than $10,000",5.4
"Estimate!!INCOME AND BENEFITS (IN 2023 INFLATION-ADJUSTED DOLLARS)!!Total households!!$10,000 to $14,999",292487
"Percent!!INCOME AND BENEFITS (IN 2023 INFLATION-ADJUSTED DOLLARS)!!Total households!!$10,000 to $14,999",3.3
"Estimate!!INCOME AND BENEFITS (IN 2023 INFLATION-ADJUSTED DOLLARS)!!Total households!!$15,000 to $24,999",576944
"Percent!!INCOME AND BENEFITS (IN 2023 INFLATION-ADJUSTED DOLLARS)!!Total households!!$15,000 to $24,999",6.4
"Estimate!!INCOME AND BENEFITS (IN 2023 INFLATION-ADJUSTED DOLLARS)!!Total households!!$25,000 to $34,999",659449
"Percent!!INCOME AND BENEFITS (IN 2023 INFLATION-ADJUSTED DOLLARS)!!Total households!!$25,000 to $34,999",7.4
"Estimate!!INCOME AND BENEFITS (IN 2023 INFLATION-ADJUSTED DOLLARS)!!Total households!!$35,000 to $49,999",1000530
"Percent!!INCOME AND BENEFITS (IN 2023 INFLATION-ADJUSTED DOLLARS)!!Total households!!$35,000 to $49,999",11.2
"Estimate!!INCOME AND BENEFITS (IN 2023 INFLATION-ADJUSTED DOLLARS)!!Total households!!$50,000 to $74,999",1560105
"Percent!!INCOME AND BENEFITS (IN 2023 INFLATION-ADJUSTED DOLLARS)!!Total households!!$50,000 to $74,999",17.4
"Estimate!!INCOME AND BENEFITS (IN 2023 INFLATION-ADJUSTED DOLLARS)!!Total households!!$75,000 to $99,999",1182775
"Percent!!INCOME AND BENEFITS (IN 2023 INFLATION-ADJUSTED DOLLARS)!!Total households!!$75,000 to $99,999",13.2
"Estimate!!INCOME AND BENEFITS (IN 2023 INFLATION-ADJUSTED DOLLARS)!!Total households!!$100,000 to $149,999",1540162
"Percent!!INCOME AND BENEFITS (IN 2023 INFLATION-ADJUSTED DOLLARS)!!Total households!!$100,000 to $149,999",17.2
"Estimate!!INCOME AND BENEFITS (IN 2023 INFLATION-ADJUSTED DOLLARS)!!Total households!!$150,000 to $199,999",721731
"Percent!!INCOME AND BENEFITS (IN 2023 INFLATION-ADJUSTED DOLLARS)!!Total households!!$150,000 to $199,999",8.0
"Estimate!!INCOME AND BENEFITS (IN 2023 INFLATION-ADJUSTED DOLLARS)!!Total households!!$200,000 or more",948175
"Percent!!INCOME AND BENEFITS (IN 2023 INFLATION-ADJUSTED DOLLARS)!!Total households!!$200,000 or more",10.6
Estimate!!INCOME AND BENEFITS (IN 2023 INFLATION-ADJUSTED DOLLARS)!!Total households!!Median household income (dollars),73311
Percent!!INCOME AND BENEFITS (IN 2023 INFLATION-ADJUSTED DOLLARS)!!Total households!!Median household income (dollars),-888888888
Estimate!!INCOME AND BENEFITS (IN 2023 INFLATION-ADJUSTED DOLLARS)!!Total households!!Mean household income (dollars),103634
Percent!!INCOME AND BENEFITS (IN 2023 INFLATION-ADJUSTED DOLLARS)!!Total households!!Mean household income (dollars),-888888888
Estimate!!INCOME AND BENEFITS (IN 2023 INFLATION-ADJUSTED DOLLARS)!!Total households!!With earnings,6611767
Percent!!INCOME AND BENEFITS (IN 2023 INFLATION-ADJUSTED DOLLARS)!!Total households!!With earnings,73.7
Estimate!!INCOME AND BENEFITS (IN 2023 INFLATION-ADJUSTED DOLLARS)!!Total households!!With earnings!!Mean earnings (dollars),104490
Percent!!INCOME AND BENEFITS (IN 2023 INFLATION-ADJUSTED DOLLARS)!!Total households!!With earnings!!Mean earnings (dollars),-888888888
Estimate!!INCOME AND BENEFITS (IN 2023 INFLATION-ADJUSTED DOLLARS)!!Total households!!With Social Security,3291922
Percent!!INCOME AND BENEFITS (IN 2023 INFLATION-ADJUSTED DOLLARS)!!Total households!!With Social Security,36.7
Estimate!!INCOME AND BENEFITS (IN 2023 INFLATION-ADJUSTED DOLLARS)!!Total households!!With Social Security!!Mean Social Security income (dollars),23959
Percent!!INCOME AND BENEFITS (IN 2023 INFLATION-ADJUSTED DOLLARS)!!Total households!!With Social Security!!Mean Social Security income (dollars),-888888888
Estimate!!INCOME AND BENEFITS (IN 2023 INFLATION-ADJUSTED DOLLARS)!!Total households!!With retirement income,2320791
Percent!!INCOME AND BENEFITS (IN 2023 INFLATION-ADJUSTED DOLLARS)!!Total households!!With retirement income,25.9
Estimate!!INCOME AND BENEFITS (IN 2023 INFLATION-ADJUSTED DOLLARS)!!Total households!!With retirement income!!Mean retirement income (dollars),33955
Percent!!INCOME AND BENEFITS (IN 2023 INFLATION-ADJUSTED DOLLARS)!!Total households!!With retirement income!!Mean retirement income (dollars),-888888888
Estimate!!INCOME AND BENEFITS (IN 2023 INFLATION-ADJUSTED DOLLARS)!!Total households!!With Supplemental Security Income,438202
Percent!!INCOME AND BENEFITS (IN 2023 INFLATION-ADJUSTED DOLLARS)!!Total households!!With Supplemental Security Income,4.9
Estimate!!INCOME AND BENEFITS (IN 2023 INFLATION-ADJUSTED DOLLARS)!!Total households!!With Supplemental Security Income!!Mean Supplemental Security Income (dollars),10720
Percent!!INCOME AND BENEFITS (IN 2023 INFLATION-ADJUSTED DOLLARS)!!Total households!!With Supplemental Security Income!!Mean Supplemental Security Income (dollars),-888888888
Estimate!!INCOME AND BENEFITS (IN 2023 INFLATION-ADJUSTED DOLLARS)!!Total households!!With cash public assistance income,168537
Percent!!INCOME AND BENEFITS (IN 2023 INFLATION-ADJUSTED DOLLARS)!!Total households!!With cash public assistance income,1.9
Estimate!!INCOME AND BENEFITS (IN 2023 INFLATION-ADJUSTED DOLLARS)!!Total households!!With cash public assistance income!!Mean cash public assistance income (dollars),2867
Percent!!INCOME AND BENEFITS (IN 2023 INFLATION-ADJUSTED DOLLARS)!!Total households!!With cash public assistance income!!Mean cash public assistance income (dollars),-888888888
Estimate!!INCOME AND BENEFITS (IN 2023 INFLATION-ADJUSTED DOLLARS)!!Total households!!With Food Stamp/SNAP benefits in the past 12 months,1066130
Percent!!INCOME AND BENEFITS (IN 2023 INFLATION-ADJUSTED DOLLARS)!!Total households!!With Food Stamp/SNAP benefits in the past 12 months,11.9
Estimate!!INCOME AND BENEFITS (IN 2023 INFLATION-ADJUSTED DOLLARS)!!Families,5802895
Percent!!INCOME AND BENEFITS (IN 2023 INFLATION-ADJUSTED DOLLARS)!!Families,5802895
"Estimate!!INCOME AND BENEFITS (IN 2023 INFLATION-ADJUSTED DOLLARS)!!Families!!Less than $10,000",188713
"Percent!!INCOME AND BENEFITS (IN 2023 INFLATION-ADJUSTED DOLLARS)!!Families!!Less than $10,000",3.3
"Estimate!!INCOME AND BENEFITS (IN 2023 INFLATION-ADJUSTED DOLLARS)!!Families!!$10,000 to $14,999",95396
"Percent!!INCOME AND BENEFITS (IN 2023 INFLATION-ADJUSTED DOLLARS)!!Families!!$10,000 to $14,999",1.6
"Estimate!!INCOME AND BENEFITS (IN 2023 INFLATION-ADJUSTED DOLLARS)!!Families!!$15,000 to $24,999",236536
"Percent!!INCOME AND BENEFITS (IN 2023 INFLATION-ADJUSTED DOLLARS)!!Families!!$15,000 to $24,999",4.1
"Estimate!!INCOME AND BENEFITS (IN 2023 INFLATION-ADJUSTED DOLLARS)!!Families!!$25,000 to $34,999",337896
"Percent!!INCOME AND BENEFITS (IN 2023 INFLATION-ADJUSTED DOLLARS)!!Families!!$25,000 to $34,999",5.8
"Estimate!!INCOME AND BENEFITS (IN 2023 INFLATION-ADJUSTED DOLLARS)!!Families!!$35,000 to $49,999",571054
"Percent!!INCOME AND BENEFITS (IN 2023 INFLATION-ADJUSTED DOLLARS)!!Families!!$35,000 to $49,999",9.8
"Estimate!!INCOME AND BENEFITS (IN 2023 INFLATION-ADJUSTED DOLLARS)!!Families!!$50,000 to $74,999",997837
"Percent!!INCOME AND BENEFITS (IN 2023 INFLATION-ADJUSTED DOLLARS)!!Families!!$50,000 to $74,999",17.2
"Estimate!!INCOME AND BENEFITS (IN 2023 INFLATION-ADJUSTED DOLLARS)!!Families!!$75,000 to $99,999",838454
"Percent!!INCOME AND BENEFITS (IN 2023 INFLATION-ADJUSTED DOLLARS)!!Families!!$75,000 to $99,999",14.4
"Estimate!!INCOME AND BENEFITS (IN 2023 INFLATION-ADJUSTED DOLLARS)!!Families!!$100,000 to $149,999",1175541
"Percent!!INCOME AND BENEFITS (IN 2023 INFLATION-ADJUSTED DOLLARS)!!Families!!$100,000 to $149,999",20.3
"Estimate!!INCOME AND BENEFITS (IN 2023 INFLATION-ADJUSTED DOLLARS)!!Families!!$150,000 to $199,999",577924
"Percent!!INCOME AND BENEFITS (IN 2023 INFLATION-ADJUSTED DOLLARS)!!Families!!$150,000 to $199,999",10.0
"Estimate!!INCOME AND BENEFITS (IN 2023 INFLATION-ADJUSTED DOLLARS)!!Families!!$200,000 or more",783544
"Percent!!INCOME AND BENEFITS (IN 2023 INFLATION-ADJUSTED DOLLARS)!!Families!!$200,000 or more",13.5
Estimate!!INCOME AND BENEFITS (IN 2023 INFLATION-ADJUSTED DOLLARS)!!Families!!Median family income (dollars),88238
Percent!!INCOME AND BENEFITS (IN 2023 INFLATION-ADJUSTED DOLLARS)!!Families!!Median family income (dollars),-888888888
Estimate!!INCOME AND BENEFITS (IN 2023 INFLATION-ADJUSTED DOLLARS)!!Families!!Mean family income (dollars),120444
Percent!!INCOME AND BENEFITS (IN 2023 INFLATION-ADJUSTED DOLLARS)!!Families!!Mean family income (dollars),-888888888
Estimate!!INCOME AND BENEFITS (IN 2023 INFLATION-ADJUSTED DOLLARS)!!Per capita income (dollars),41902
Percent!!INCOME AND BENEFITS (IN 2023 INFLATION-ADJUSTED DOLLARS)!!Per capita income (dollars),-888888888
Estimate!!INCOME AND BENEFITS (IN 2023 INFLATION-ADJUSTED DOLLARS)!!Nonfamily households,3163507
Percent!!INCOME AND BENEFITS (IN 2023 INFLATION-ADJUSTED DOLLARS)!!Nonfamily households,3163507
Estimate!!INCOME AND BENEFITS (IN 2023 INFLATION-ADJUSTED DOLLARS)!!Nonfamily households!!Median nonfamily income (dollars),45957
Percent!!INCOME AND BENEFITS (IN 2023 INFLATION-ADJUSTED DOLLARS)!!Nonfamily households!!Median nonfamily income (dollars),-888888888
Estimate!!INCOME AND BENEFITS (IN 2023 INFLATION-ADJUSTED DOLLARS)!!Nonfamily households!!Mean nonfamily income (dollars),67400
Percent!!INCOME AND BENEFITS (IN 2023 INFLATION-ADJUSTED DOLLARS)!!Nonfamily households!!Mean nonfamily income (dollars),-888888888
Estimate!!INCOME AND BENEFITS (IN 2023 INFLATION-ADJUSTED DOLLARS)!!Median earnings for workers (dollars),41459
Percent!!INCOME AND BENEFITS (IN 2023 INFLATION-ADJUSTED DOLLARS)!!Median earnings for workers (dollars),-888888888
"Estimate!!INCOME AND BENEFITS (IN 2023 INFLATION-ADJUSTED DOLLARS)!!Median earnings for male full-time, year-round workers (dollars)",56557
"Percent!!INCOME AND BENEFITS (IN 2023 INFLATION-ADJUSTED DOLLARS)!!Median earnings for male full-time, year-round workers (dollars)",-888888888
"Estimate!!INCOME AND BENEFITS (IN 2023 INFLATION-ADJUSTED DOLLARS)!!Median earnings for female full-time, year-round workers (dollars)",48034
"Percent!!INCOME AND BENEFITS (IN 2023 INFLATION-ADJUSTED DOLLARS)!!Median earnings for female full-time, year-round workers (dollars)",-888888888
Estimate!!HEALTH INSURANCE COVERAGE!!Civilian noninstitutionalized population,22276397
Percent!!HEALTH INSURANCE COVERAGE!!Civilian noninstitutionalized population,22276397
Estimate!!HEALTH INSURANCE COVERAGE!!Civilian noninstitutionalized population!!With health insurance coverage,19895000
Percent!!HEALTH INSURANCE COVERAGE!!Civilian noninstitutionalized population!!With health insurance coverage,89.3
Estimate!!HEALTH INSURANCE COVERAGE!!Civilian noninstitutionalized population!!With health insurance coverage!!With private health insurance,14306061
Percent!!HEALTH INSURANCE COVERAGE!!Civilian noninstitutionalized population!!With health insurance coverage!!With private health insurance,64.2
Estimate!!HEALTH INSURANCE COVERAGE!!Civilian noninstitutionalized population!!With health insurance coverage!!With public coverage,8352182
Percent!!HEALTH INSURANCE COVERAGE!!Civilian noninstitutionalized population!!With health insurance coverage!!With public coverage,37.5
Estimate!!HEALTH INSURANCE COVERAGE!!Civilian noninstitutionalized population!!No health insurance coverage,2381397
Percent!!HEALTH INSURANCE COVERAGE!!Civilian noninstitutionalized population!!No health insurance coverage,10.7
Estimate!!HEALTH INSURANCE COVERAGE!!Civilian noninstitutionalized population under 19 years,4647684
Percent!!HEALTH INSURANCE COVERAGE!!Civilian noninstitutionalized population under 19 years,4647684
Estimate!!HEALTH INSURANCE COVERAGE!!Civilian noninstitutionalized population under 19 years!!No health insurance coverage,350540
Percent!!HEALTH INSURANCE COVERAGE!!Civilian noninstitutionalized population under 19 years!!No health insurance coverage,7.5
Estimate!!HEALTH INSURANCE COVERAGE!!Civilian noninstitutionalized population 19 to 64 years,12813163
Percent!!HEALTH INSURANCE COVERAGE!!Civilian noninstitutionalized population 19 to 64 years,12813163
Estimate!!HEALTH INSURANCE COVERAGE!!Civilian noninstitutionalized population 19 to 64 years!!In labor force:,10101905
Percent!!HEALTH INSURANCE COVERAGE!!Civilian noninstitutionalized population 19 to 64 years!!In labor force:,10101905
Estimate!!HEALTH INSURANCE COVERAGE!!Civilian noninstitutionalized population 19 to 64 years!!In labor force:!!Employed:,9705397
Percent!!HEALTH INSURANCE COVERAGE!!Civilian noninstitutionalized population 19 to 64 years!!In labor force:!!Employed:,9705397
Estimate!!HEALTH INSURANCE COVERAGE!!Civilian noninstitutionalized population 19 to 64 years!!In labor force:!!Employed:!!With health insurance coverage,8345143
Percent!!HEALTH INSURANCE COVERAGE!!Civilian noninstitutionalized population 19 to 64 years!!In labor force:!!Employed:!!With health insurance coverage,86.0
Estimate!!HEALTH INSURANCE COVERAGE!!Civilian noninstitutionalized population 19 to 64 years!!In labor force:!!Employed:!!With health insurance coverage!!With private health insurance,7780088
Percent!!HEALTH INSURANCE COVERAGE!!Civilian noninstitutionalized population 19 to 64 years!!In labor force:!!Employed:!!With health insurance coverage!!With private health insurance,80.2
Estimate!!HEALTH INSURANCE COVERAGE!!Civilian noninstitutionalized population 19 to 64 years!!In labor force:!!Employed:!!With health insurance coverage!!With public coverage,872252
Percent!!HEALTH INSURANCE COVERAGE!!Civilian noninstitutionalized population 19 to 64 years!!In labor force:!!Employed:!!With health insurance coverage!!With public coverage,9.0
Estimate!!HEALTH INSURANCE COVERAGE!!Civilian noninstitutionalized population 19 to 64 years!!In labor force:!!Employed:!!No health insurance coverage,1360254
Percent!!HEALTH INSURANCE COVERAGE!!Civilian noninstitutionalized population 19 to 64 years!!In labor force:!!Employed:!!No health insurance coverage,14.0
Estimate!!HEALTH INSURANCE COVERAGE!!Civilian noninstitutionalized population 19 to 64 years!!In labor force:!!Unemployed:,396508
Percent!!HEALTH INSURANCE COVERAGE!!Civilian noninstitutionalized population 19 to 64 years!!In labor force:!!Unemployed:,396508
Estimate!!HEALTH INSURANCE COVERAGE!!Civilian noninstitutionalized population 19 to 64 years!!In labor force:!!Unemployed:!!With health insurance coverage,272221
Percent!!HEALTH INSURANCE COVERAGE!!Civilian noninstitutionalized population 19 to 64 years!!In labor force:!!Unemployed:!!With health insurance coverage,68.7
Estimate!!HEALTH INSURANCE COVERAGE!!Civilian noninstitutionalized population 19 to 64 years!!In labor force:!!Unemployed:!!With health insurance coverage!!With private health insurance,184041
Percent!!HEALTH INSURANCE COVERAGE!!Civilian noninstitutionalized population 19 to 64 years!!In labor force:!!Unemployed:!!With health insurance coverage!!With private health insurance,46.4
Estimate!!HEALTH INSURANCE COVERAGE!!Civilian noninstitutionalized population 19 to 64 years!!In labor force:!!Unemployed:!!With health insurance coverage!!With public coverage,102103
Percent!!HEALTH INSURANCE COVERAGE!!Civilian noninstitutionalized population 19 to 64 years!!In labor force:!!Unemployed:!!With health insurance coverage!!With public coverage,25.8
Estimate!!HEALTH INSURANCE COVERAGE!!Civilian noninstitutionalized population 19 to 64 years!!In labor force:!!Unemployed:!!No health insurance coverage,124287
Percent!!HEALTH INSURANCE COVERAGE!!Civilian noninstitutionalized population 19 to 64 years!!In labor force:!!Unemployed:!!No health insurance coverage,31.3
Estimate!!HEALTH INSURANCE COVERAGE!!Civilian noninstitutionalized population 19 to 64 years!!Not in labor force:,2711258
Percent!!HEALTH INSURANCE COVERAGE!!Civilian noninstitutionalized population 19 to 64 years!!Not in labor force:,2711258
Estimate!!HEALTH INSURANCE COVERAGE!!Civilian noninstitutionalized population 19 to 64 years!!Not in labor force:!!With health insurance coverage,2211564
Percent!!HEALTH INSURANCE COVERAGE!!Civilian noninstitutionalized population 19 to 64 years!!Not in labor force:!!With health insurance coverage,81.6
Estimate!!HEALTH INSURANCE COVERAGE!!Civilian noninstitutionalized population 19 to 64 years!!Not in labor force:!!With health insurance coverage!!With private health insurance,1462751
Percent!!HEALTH INSURANCE COVERAGE!!Civilian noninstitutionalized population 19 to 64 years!!Not in labor force:!!With health insurance coverage!!With private health insurance,54.0
Estimate!!HEALTH INSURANCE COVERAGE!!Civilian noninstitutionalized population 19 to 64 years!!Not in labor force:!!With health insurance coverage!!With public coverage,938952
Percent!!HEALTH INSURANCE COVERAGE!!Civilian noninstitutionalized population 19 to 64 years!!Not in labor force:!!With health insurance coverage!!With public coverage,34.6
Estimate!!HEALTH INSURANCE COVERAGE!!Civilian noninstitutionalized population 19 to 64 years!!Not in labor force:!!No health insurance coverage,499694
Percent!!HEALTH INSURANCE COVERAGE!!Civilian noninstitutionalized population 19 to 64 years!!Not in labor force:!!No health insurance coverage,18.4
Estimate!!PERCENTAGE OF FAMILIES AND PEOPLE WHOSE INCOME IN THE PAST 12 MONTHS IS BELOW THE POVERTY LEVEL!!All families,-888888888
Percent!!PERCENTAGE OF FAMILIES AND PEOPLE WHOSE INCOME IN THE PAST 12 MONTHS IS BELOW THE POVERTY LEVEL!!All families,8.6
Estimate!!PERCENTAGE OF FAMILIES AND PEOPLE WHOSE INCOME IN THE PAST 12 MONTHS IS BELOW THE POVERTY LEVEL!!All families!!With related children of the householder under 18 years,-888888888
Percent!!PERCENTAGE OF FAMILIES AND PEOPLE WHOSE INCOME IN THE PAST 12 MONTHS IS BELOW THE POVERTY LEVEL!!All families!!With related children of the householder under 18 years,13.3
Estimate!!PERCENTAGE OF FAMILIES AND PEOPLE WHOSE INCOME IN THE PAST 12 MONTHS IS BELOW THE POVERTY LEVEL!!All families!!With related children of the householder under 18 years!!With related children of the householder under 5 years only,-888888888
Percent!!PERCENTAGE OF FAMILIES AND PEOPLE WHOSE INCOME IN THE PAST 12 MONTHS IS BELOW THE POVERTY LEVEL!!All families!!With related children of the householder under 18 years!!With related children of the householder under 5 years only,12.9
Estimate!!PERCENTAGE OF FAMILIES AND PEOPLE WHOSE INCOME IN THE PAST 12 MONTHS IS BELOW THE POVERTY LEVEL!!All families!!Married couple families,-888888888
Percent!!PERCENTAGE OF FAMILIES AND PEOPLE WHOSE INCOME IN THE PAST 12 MONTHS IS BELOW THE POVERTY LEVEL!!All families!!Married couple families,5.5
Estimate!!PERCENTAGE OF FAMILIES AND PEOPLE WHOSE INCOME IN THE PAST 12 MONTHS IS BELOW THE POVERTY LEVEL!!All families!!Married couple families!!With related children of the householder under 18 years,-888888888
Percent!!PERCENTAGE OF FAMILIES AND PEOPLE WHOSE INCOME IN THE PAST 12 MONTHS IS BELOW THE POVERTY LEVEL!!All families!!Married couple families!!With related children of the householder under 18 years,6.6
Estimate!!PERCENTAGE OF FAMILIES AND PEOPLE WHOSE INCOME IN THE PAST 12 MONTHS IS BELOW THE POVERTY LEVEL!!All families!!Married couple families!!With related children of the householder under 18 years!!With related children of the householder under 5 years only,-888888888
Percent!!PERCENTAGE OF FAMILIES AND PEOPLE WHOSE INCOME IN THE PAST 12 MONTHS IS BELOW THE POVERTY LEVEL!!All families!!Married couple families!!With related children of the householder under 18 years!!With related children of the householder under 5 years only,4.8
"Estimate!!PERCENTAGE OF FAMILIES AND PEOPLE WHOSE INCOME IN THE PAST 12 MONTHS IS BELOW THE POVERTY LEVEL!!All families!!Families with female householder, no spouse present",-888888888
"Percent!!PERCENTAGE OF FAMILIES AND PEOPLE WHOSE INCOME IN THE PAST 12 MONTHS IS BELOW THE POVERTY LEVEL!!All families!!Families with female householder, no spouse present",19.4
"Estimate!!PERCENTAGE OF FAMILIES AND PEOPLE WHOSE INCOME IN THE PAST 12 MONTHS IS BELOW THE POVERTY LEVEL!!All families!!Families with female householder, no spouse present!!With related children of the householder under 18 years",-888888888
"Percent!!PERCENTAGE OF FAMILIES AND PEOPLE WHOSE INCOME IN THE PAST 12 MONTHS IS BELOW THE POVERTY LEVEL!!All families!!Families with female householder, no spouse present!!With related children of the householder under 18 years",28.1
"Estimate!!PERCENTAGE OF FAMILIES AND PEOPLE WHOSE INCOME IN THE PAST 12 MONTHS IS BELOW THE POVERTY LEVEL!!All families!!Families with female householder, no spouse present!!With related children of the householder under 18 years!!With related children of the householder under 5 years only",-888888888
"Percent!!PERCENTAGE OF FAMILIES AND PEOPLE WHOSE INCOME IN THE PAST 12 MONTHS IS BELOW THE POVERTY LEVEL!!All families!!Families with female householder, no spouse present!!With related children of the householder under 18 years!!With related children of the householder under 5 years only",32.9
Estimate!!PERCENTAGE OF FAMILIES AND PEOPLE WHOSE INCOME IN THE PAST 12 MONTHS IS BELOW THE POVERTY LEVEL!!All people,-888888888
Percent!!PERCENTAGE OF FAMILIES AND PEOPLE WHOSE INCOME IN THE PAST 12 MONTHS IS BELOW THE POVERTY LEVEL!!All people,12.3
Estimate!!PERCENTAGE OF FAMILIES AND PEOPLE WHOSE INCOME IN THE PAST 12 MONTHS IS BELOW THE POVERTY LEVEL!!All people!!Under 18 years,-888888888
Percent!!PERCENTAGE OF FAMILIES AND PEOPLE WHOSE INCOME IN THE PAST 12 MONTHS IS BELOW THE POVERTY LEVEL!!All people!!Under 18 years,15.7
Estimate!!PERCENTAGE OF FAMILIES AND PEOPLE WHOSE INCOME IN THE PAST 12 MONTHS IS BELOW THE POVERTY LEVEL!!All people!!Under 18 years!!Related children of the householder under 18 years,-888888888
Percent!!PERCENTAGE OF FAMILIES AND PEOPLE WHOSE INCOME IN THE PAST 12 MONTHS IS BELOW THE POVERTY LEVEL!!All people!!Under 18 years!!Related children of the householder under 18 years,15.5
Estimate!!PERCENTAGE OF FAMILIES AND PEOPLE WHOSE INCOME IN THE PAST 12 MONTHS IS BELOW THE POVERTY LEVEL!!All people!!Under 18 years!!Related children of the householder under 18 years!!Related children of the householder under 5 years,-888888888
Percent!!PERCENTAGE OF FAMILIES AND PEOPLE WHOSE INCOME IN THE PAST 12 MONTHS IS BELOW THE POVERTY LEVEL!!All people!!Under 18 years!!Related children of the householder under 18 years!!Related children of the householder under 5 years,16.7
Estimate!!PERCENTAGE OF FAMILIES AND PEOPLE WHOSE INCOME IN THE PAST 12 MONTHS IS BELOW THE POVERTY LEVEL!!All people!!Under 18 years!!Related children of the householder under 18 years!!Related children of the householder 5 to 17 years,-888888888
Percent!!PERCENTAGE OF FAMILIES AND PEOPLE WHOSE INCOME IN THE PAST 12 MONTHS IS BELOW THE POVERTY LEVEL!!All people!!Under 18 years!!Related children of the householder under 18 years!!Related children of the householder 5 to 17 years,15.0
Estimate!!PERCENTAGE OF FAMILIES AND PEOPLE WHOSE INCOME IN THE PAST 12 MONTHS IS BELOW THE POVERTY LEVEL!!All people!!18 years and over,-888888888
Percent!!PERCENTAGE OF FAMILIES AND PEOPLE WHOSE INCOME IN THE PAST 12 MONTHS IS BELOW THE POVERTY LEVEL!!All people!!18 years and over,11.5
Estimate!!PERCENTAGE OF FAMILIES AND PEOPLE WHOSE INCOME IN THE PAST 12 MONTHS IS BELOW THE POVERTY LEVEL!!All people!!18 years and over!!18 to 64 years,-888888888
Percent!!PERCENTAGE OF FAMILIES AND PEOPLE WHOSE INCOME IN THE PAST 12 MONTHS IS BELOW THE POVERTY LEVEL!!All people!!18 years and over!!18 to 64 years,11.3
Estimate!!PERCENTAGE OF FAMILIES AND PEOPLE WHOSE INCOME IN THE PAST 12 MONTHS IS BELOW THE POVERTY LEVEL!!All people!!18 years and over!!65 years and over,-888888888
Percent!!PERCENTAGE OF FAMILIES AND PEOPLE WHOSE INCOME IN THE PAST 12 MONTHS IS BELOW THE POVERTY LEVEL!!All people!!18 years and over!!65 years and over,12.1
Estimate!!PERCENTAGE OF FAMILIES AND PEOPLE WHOSE INCOME IN THE PAST 12 MONTHS IS BELOW THE POVERTY LEVEL!!All people!!People in families,-888888888
Percent!!PERCENTAGE OF FAMILIES AND PEOPLE WHOSE INCOME IN THE PAST 12 MONTHS IS BELOW THE POVERTY LEVEL!!All people!!People in families,9.3
Estimate!!PERCENTAGE OF FAMILIES AND PEOPLE WHOSE INCOME IN THE PAST 12 MONTHS IS BELOW THE POVERTY LEVEL!!All people!!Unrelated individuals 15 years and over,-888888888
Percent!!PERCENTAGE OF FAMILIES AND PEOPLE WHOSE INCOME IN THE PAST 12 MONTHS IS BELOW THE POVERTY LEVEL!!All people!!Unrelated individuals 15 years and over,24.1
